id,name,model_id:id,group_id:id,perm_read,perm_write,perm_create,perm_unlink

access_university_academic_year_admin,university.academic.year.admin,model_university_academic_year,group_university_admin,1,1,1,1
access_university_academic_year_coordinator,university.academic.year.coordinator,model_university_academic_year,group_academic_coordinator,1,1,1,0
access_university_academic_year_faculty,university.academic.year.faculty,model_university_academic_year,group_faculty,1,0,0,0
access_university_academic_year_student,university.academic.year.student,model_university_academic_year,group_student_portal,1,0,0,0

access_university_batch_admin,university.batch.admin,model_university_batch,group_university_admin,1,1,1,1
access_university_batch_coordinator,university.batch.coordinator,model_university_batch,group_academic_coordinator,1,1,1,0
access_university_batch_faculty,university.batch.faculty,model_university_batch,group_faculty,1,0,0,0
access_university_batch_student,university.batch.student,model_university_batch,group_student_portal,1,0,0,0

access_university_course_admin,university.course.admin,model_university_course,group_university_admin,1,1,1,1
access_university_course_coordinator,university.course.coordinator,model_university_course,group_academic_coordinator,1,1,1,0
access_university_course_faculty,university.course.faculty,model_university_course,group_faculty,1,0,0,0
access_university_course_student,university.course.student,model_university_course,group_student_portal,1,0,0,0

access_university_classroom_admin,university.classroom.admin,model_university_classroom,group_university_admin,1,1,1,1
access_university_classroom_faculty,university.classroom.faculty,model_university_classroom,group_faculty,1,0,0,0

access_university_department_admin,university.department.admin,model_university_department,group_university_admin,1,1,1,1
access_university_department_coordinator,university.department.coordinator,model_university_department,group_academic_coordinator,1,1,1,0
access_university_department_faculty,university.department.faculty,model_university_department,group_faculty,1,0,0,0
access_university_department_student,university.department.student,model_university_department,group_student_portal,1,0,0,0

access_university_program_admin,university.program.admin,model_university_program,group_university_admin,1,1,1,1
access_university_program_coordinator,university.program.coordinator,model_university_program,group_academic_coordinator,1,1,1,0
access_university_program_faculty,university.program.faculty,model_university_program,group_faculty,1,0,0,0
access_university_program_student,university.program.student,model_university_program,group_student_portal,1,0,0,0

access_university_semester_admin,university.semester.admin,model_university_semester,group_university_admin,1,1,1,1
access_university_semester_coordinator,university.semester.coordinator,model_university_semester,group_academic_coordinator,1,1,1,0
access_university_semester_faculty,university.semester.faculty,model_university_semester,group_faculty,1,0,0,0
access_university_semester_student,university.semester.student,model_university_semester,group_student_portal,1,0,0,0

access_university_subject_admin,university.subject.admin,model_university_subject,group_university_admin,1,1,1,1
access_university_subject_coordinator,university.subject.coordinator,model_university_subject,group_academic_coordinator,1,1,1,0
access_university_subject_faculty,university.subject.faculty,model_university_subject,group_faculty,1,0,0,0
access_university_subject_student,university.subject.student,model_university_subject,group_student_portal,1,0,0,0

access_university_syllabus_admin,university.syllabus.admin,model_university_syllabus,group_university_admin,1,1,1,1
access_university_syllabus_coordinator,university.syllabus.coordinator,model_university_syllabus,group_academic_coordinator,1,1,1,0
access_university_syllabus_faculty,university.syllabus.faculty,model_university_syllabus,group_faculty,1,0,0,0
access_university_syllabus_student,university.syllabus.student,model_university_syllabus,group_student_portal,1,0,0,0

access_university_syllabus_unit_admin,university.syllabus.unit.admin,model_university_syllabus_unit,group_university_admin,1,1,1,1
access_university_syllabus_unit_coordinator,university.syllabus.unit.coordinator,model_university_syllabus_unit,group_academic_coordinator,1,1,1,0
access_university_syllabus_unit_faculty,university.syllabus.unit.faculty,model_university_syllabus_unit,group_faculty,1,0,0,0
access_university_syllabus_unit_student,university.syllabus.unit.student,model_university_syllabus_unit,group_student_portal,1,0,0,0

access_university_timetable_admin,university.timetable.admin,model_university_timetable,group_university_admin,1,1,1,1
access_university_timetable_coordinator,university.timetable.coordinator,model_university_timetable,group_academic_coordinator,1,1,1,0
access_university_timetable_faculty,university.timetable.faculty,model_university_timetable,group_faculty,1,0,0,0
access_university_timetable_student,university.timetable.student,model_university_timetable,group_student_portal,1,0,0,0

access_alumni_admin,alumni.alumni.admin,model_alumni_alumni,group_university_admin,1,1,1,1
access_alumni_coordinator,alumni.alumni.coordinator,model_alumni_alumni,group_academic_coordinator,1,1,1,0
access_alumni_faculty,alumni.alumni.faculty,model_alumni_alumni,group_faculty,1,0,0,0
access_alumni_student,alumni.alumni.student,model_alumni_alumni,group_student_portal,1,0,0,0

access_alumni_achievement_admin,alumni.achievement.admin,model_alumni_achievement,group_university_admin,1,1,1,1
access_alumni_achievement_coordinator,alumni.achievement.coordinator,model_alumni_achievement,group_academic_coordinator,1,1,1,0
access_alumni_achievement_faculty,alumni.achievement.faculty,model_alumni_achievement,group_faculty,1,0,0,0
access_alumni_achievement_student,alumni.achievement.student,model_alumni_achievement,group_student_portal,1,0,0,0

access_alumni_donation_admin,alumni.donation.admin,model_alumni_donation,group_university_admin,1,1,1,1
access_alumni_donation_coordinator,alumni.donation.coordinator,model_alumni_donation,group_academic_coordinator,1,1,1,0
access_alumni_donation_faculty,alumni.donation.faculty,model_alumni_donation,group_faculty,1,0,0,0
access_alumni_donation_student,alumni.donation.student,model_alumni_donation,group_student_portal,1,0,0,0

access_alumni_event_admin,alumni.event.admin,model_alumni_event,group_university_admin,1,1,1,1
access_alumni_event_coordinator,alumni.event.coordinator,model_alumni_event,group_academic_coordinator,1,1,1,0
access_alumni_event_faculty,alumni.event.faculty,model_alumni_event,group_faculty,1,0,0,0
access_alumni_event_student,alumni.event.student,model_alumni_event,group_student_portal,1,0,0,0

access_event_registration_admin,university.event.registration.admin,model_university_event_registration,group_university_admin,1,1,1,1
access_event_registration_coordinator,university.event.registration.coordinator,model_university_event_registration,group_academic_coordinator,1,1,1,0
access_event_registration_student,university.event.registration.student,model_university_event_registration,group_student_portal,1,0,0,0

access_event_sponsor_admin,event.sponsor.admin,model_event_sponsor,group_university_admin,1,1,1,1
access_event_sponsor_coordinator,event.sponsor.coordinator,model_event_sponsor,group_academic_coordinator,1,1,1,0

access_hackathon_hackathon_admin,hackathon.hackathon.admin,model_hackathon_hackathon,group_university_admin,1,1,1,1
access_hackathon_hackathon_coordinator,hackathon.hackathon.coordinator,model_hackathon_hackathon,group_academic_coordinator,1,1,1,0
access_hackathon_hackathon_student,hackathon.hackathon.student,model_hackathon_hackathon,group_student_portal,1,0,0,0

access_hackathon_judge_admin,hackathon.judge.admin,model_hackathon_judge,group_university_admin,1,1,1,1
access_hackathon_judge_coordinator,hackathon.judge.coordinator,model_hackathon_judge,group_academic_coordinator,1,1,1,0

access_hackathon_team_admin,hackathon.team.admin,model_hackathon_team,group_university_admin,1,1,1,1
access_hackathon_team_coordinator,hackathon.team.coordinator,model_hackathon_team,group_academic_coordinator,1,1,1,0
access_hackathon_team_student,hackathon.team.student,model_hackathon_team,group_student_portal,1,0,0,0

access_hackathon_winner_admin,hackathon.winner.admin,model_hackathon_winner,group_university_admin,1,1,1,1
access_hackathon_winner_coordinator,hackathon.winner.coordinator,model_hackathon_winner,group_academic_coordinator,1,1,1,0

access_university_event_admin,university.event.admin,model_university_event,group_university_admin,1,1,1,1
access_university_event_coordinator,university.event.coordinator,model_university_event,group_academic_coordinator,1,1,1,0
access_university_event_student,university.event.student,model_university_event,group_student_portal,1,0,0,0

access_fee_discount_admin,fee.discount.admin,model_fee_discount,group_university_admin,1,1,1,1
access_fee_discount_accounts,fee.discount.accounts,model_fee_discount,group_accounts_manager,1,1,1,0
access_fee_discount_faculty,fee.discount.faculty,model_fee_discount,group_faculty,1,0,0,0
access_fee_discount_student,fee.discount.student,model_fee_discount,group_student_portal,1,0,0,0

access_fee_discount_application_admin,fee.discount.application.admin,model_fee_discount_application,group_university_admin,1,1,1,1
access_fee_discount_application_accounts,fee.discount.application.accounts,model_fee_discount_application,group_accounts_manager,1,1,1,0
access_fee_discount_application_faculty,fee.discount.application.faculty,model_fee_discount_application,group_faculty,1,0,0,0
access_fee_discount_application_student,fee.discount.application.student,model_fee_discount_application,group_student_portal,1,0,0,0

access_fee_payment_admin,fee.payment.admin,model_fee_payment,group_university_admin,1,1,1,1
access_fee_payment_accounts,fee.payment.accounts,model_fee_payment,group_accounts_manager,1,1,1,0
access_fee_payment_student,fee.payment.student,model_fee_payment,group_student_portal,1,0,0,0

access_fee_payment_line_admin,fee.payment.line.admin,model_fee_payment_line,group_university_admin,1,1,1,1
access_fee_payment_line_accounts,fee.payment.line.accounts,model_fee_payment_line,group_accounts_manager,1,1,1,0
access_fee_payment_line_student,fee.payment.line.student,model_fee_payment_line,group_student_portal,1,0,0,0

access_fee_reminder_admin,fee.reminder.admin,model_fee_reminder,group_university_admin,1,1,1,1
access_fee_reminder_accounts,fee.reminder.accounts,model_fee_reminder,group_accounts_manager,1,1,1,1
access_fee_reminder_student,fee.reminder.student,model_fee_reminder,group_student_portal,1,0,0,0

access_fee_structure_admin,fee.structure.admin,model_fee_structure,group_university_admin,1,1,1,1
access_fee_structure_accounts,fee.structure.accounts,model_fee_structure,group_accounts_manager,1,1,1,0
access_fee_structure_faculty,fee.structure.faculty,model_fee_structure,group_faculty,1,0,0,0
access_fee_structure_student,fee.structure.student,model_fee_structure,group_student_portal,1,0,0,0

access_fee_structure_line_admin,fee.structure.line.admin,model_fee_structure_line,group_university_admin,1,1,1,1
access_fee_structure_line_accounts,fee.structure.line.accounts,model_fee_structure_line,group_accounts_manager,1,1,1,0
access_fee_structure_line_faculty,fee.structure.line.faculty,model_fee_structure_line,group_faculty,1,0,0,0
access_fee_structure_line_student,fee.structure.line.student,model_fee_structure_line,group_student_portal,1,0,0,0

access_scholarship_scholarship_admin,scholarship.scholarship.admin,model_scholarship_scholarship,group_university_admin,1,1,1,1
access_scholarship_scholarship_accounts,scholarship.scholarship.accounts,model_scholarship_scholarship,group_accounts_manager,1,1,0,0
access_scholarship_scholarship_faculty,scholarship.scholarship.faculty,model_scholarship_scholarship,group_faculty,1,0,0,0
access_scholarship_scholarship_student,scholarship.scholarship.student,model_scholarship_scholarship,group_student_portal,1,0,0,0

access_scholarship_application_admin,scholarship.application.admin,model_scholarship_application,group_university_admin,1,1,1,1
access_scholarship_application_accounts,scholarship.application.accounts,model_scholarship_application,group_accounts_manager,1,1,0,0
access_scholarship_application_faculty,scholarship.application.faculty,model_scholarship_application,group_faculty,1,0,0,0
access_scholarship_application_student,scholarship.application.student,model_scholarship_application,group_student_portal,1,0,0,0

access_scholarship_document_type_admin,scholarship.document.type.admin,model_scholarship_document_type,group_university_admin,1,1,1,1
access_scholarship_document_type_accounts,scholarship.document.type.accounts,model_scholarship_document_type,group_accounts_manager,1,1,0,0
access_scholarship_document_type_faculty,scholarship.document.type.faculty,model_scholarship_document_type,group_faculty,1,0,0,0
access_scholarship_document_type_student,scholarship.document.type.student,model_scholarship_document_type,group_student_portal,1,0,0,0

access_scholarship_application_document_admin,scholarship.application.document.admin,model_scholarship_application_document,group_university_admin,1,1,1,1
access_scholarship_application_document_accounts,scholarship.application.document.accounts,model_scholarship_application_document,group_accounts_manager,1,1,0,0
access_scholarship_application_document_faculty,scholarship.application.document.faculty,model_scholarship_application_document,group_faculty,1,0,0,0
access_scholarship_application_document_student,scholarship.application.document.student,model_scholarship_application_document,group_student_portal,1,0,0,0

access_examination_evaluation_admin,examination.evaluation.admin,model_examination_evaluation,group_university_admin,1,1,1,1
access_examination_evaluation_controller,examination.evaluation.controller,model_examination_evaluation,group_exam_controller,1,1,1,0
access_examination_evaluation_faculty,examination.evaluation.faculty,model_examination_evaluation,group_faculty,1,1,1,0
access_examination_evaluation_student,examination.evaluation.student,model_examination_evaluation,group_student_portal,1,0,0,0

access_examination_result_admin,examination.result.admin,model_examination_result,group_university_admin,1,1,1,1
access_examination_result_controller,examination.result.controller,model_examination_result,group_exam_controller,1,1,1,0
access_examination_result_faculty,examination.result.faculty,model_examination_result,group_faculty,1,1,1,0
access_examination_result_student,examination.result.student,model_examination_result,group_student_portal,1,0,0,0

access_examination_seating_admin,examination.seating.admin,model_examination_seating,group_university_admin,1,1,1,1
access_examination_seating_controller,examination.seating.controller,model_examination_seating,group_exam_controller,1,1,1,0
access_examination_seating_faculty,examination.seating.faculty,model_examination_seating,group_faculty,1,1,1,0
access_examination_seating_student,examination.seating.student,model_examination_seating,group_student_portal,1,0,0,0

access_examination_timetable_admin,examination.timetable.admin,model_examination_timetable,group_university_admin,1,1,1,1
access_examination_timetable_controller,examination.timetable.controller,model_examination_timetable,group_exam_controller,1,1,1,0
access_examination_timetable_faculty,examination.timetable.faculty,model_examination_timetable,group_faculty,1,1,1,0
access_examination_timetable_student,examination.timetable.student,model_examination_timetable,group_student_portal,1,0,0,0

access_examination_examination_admin,examination.examination.admin,model_examination_examination,group_university_admin,1,1,1,1
access_examination_examination_controller,examination.examination.controller,model_examination_examination,group_exam_controller,1,1,1,0
access_examination_examination_faculty,examination.examination.faculty,model_examination_examination,group_faculty,1,1,1,0
access_examination_examination_student,examination.examination.student,model_examination_examination,group_student_portal,1,0,0,0

access_examination_grade_system_admin,examination.grade.system.admin,model_examination_grade_system,group_university_admin,1,1,1,1
access_examination_grade_system_controller,examination.grade.system.controller,model_examination_grade_system,group_exam_controller,1,1,1,0
access_examination_grade_system_faculty,examination.grade.system.faculty,model_examination_grade_system,group_faculty,1,1,1,0
access_examination_grade_system_student,examination.grade.system.student,model_examination_grade_system,group_student_portal,1,0,0,0

access_examination_hall_ticket_admin,examination.hall.ticket.admin,model_examination_hall_ticket,group_university_admin,1,1,1,1
access_examination_hall_ticket_controller,examination.hall.ticket.controller,model_examination_hall_ticket,group_exam_controller,1,1,1,0
access_examination_hall_ticket_faculty,examination.hall.ticket.faculty,model_examination_hall_ticket,group_faculty,1,1,1,0
access_examination_hall_ticket_student,examination.hall.ticket.student,model_examination_hall_ticket,group_student_portal,1,0,0,0

access_examination_marksheet_admin,examination.marksheet.admin,model_examination_marksheet,group_university_admin,1,1,1,1
access_examination_marksheet_controller,examination.marksheet.controller,model_examination_marksheet,group_exam_controller,1,1,1,0
access_examination_marksheet_faculty,examination.marksheet.faculty,model_examination_marksheet,group_faculty,1,1,1,0
access_examination_marksheet_student,examination.marksheet.student,model_examination_marksheet,group_student_portal,1,0,0,0

access_examination_revaluation_admin,examination.revaluation.admin,model_examination_revaluation,group_university_admin,1,1,1,1
access_examination_revaluation_controller,examination.revaluation.controller,model_examination_revaluation,group_exam_controller,1,1,1,0
access_examination_revaluation_faculty,examination.revaluation.faculty,model_examination_revaluation,group_faculty,1,1,1,0
access_examination_revaluation_student,examination.revaluation.student,model_examination_revaluation,group_student_portal,1,0,0,0

access_faculty_faculty_admin,faculty.faculty.admin,model_faculty_faculty,group_university_admin,1,1,1,1
access_faculty_faculty_controller,faculty.faculty.controller,model_faculty_faculty,group_exam_controller,1,1,0,0
access_faculty_faculty_faculty,faculty.faculty.faculty,model_faculty_faculty,group_faculty,1,1,0,0
access_faculty_faculty_student,faculty.faculty.student,model_faculty_faculty,group_student_portal,1,0,0,0

access_faculty_attendance_admin,faculty.attendance.admin,model_faculty_attendance,group_university_admin,1,1,1,1
access_faculty_attendance_controller,faculty.attendance.controller,model_faculty_attendance,group_exam_controller,1,1,1,0
access_faculty_attendance_faculty,faculty.attendance.faculty,model_faculty_attendance,group_faculty,1,1,1,0
access_faculty_attendance_student,faculty.attendance.student,model_faculty_attendance,group_student_portal,1,0,0,0

access_faculty_attendance_regularization_admin,faculty.attendance.regularization.admin,model_faculty_attendance_regularization,university_management.group_university_admin,1,1,1,1
access_faculty_attendance_regularization_hr,faculty.attendance.regularization.hr,model_faculty_attendance_regularization,hr.group_hr_manager,1,1,1,1
access_faculty_attendance_regularization_hod,faculty.attendance.regularization.hod,model_faculty_attendance_regularization,university_management.group_hod,1,1,1,0
access_faculty_attendance_regularization_faculty,faculty.attendance.regularization.faculty,model_faculty_attendance_regularization,university_management.group_faculty,1,1,0,0

access_faculty_designation_admin,faculty.designation.admin,model_faculty_designation,group_university_admin,1,1,1,1
access_faculty_designation_controller,faculty.designation.controller,model_faculty_designation,group_exam_controller,1,1,0,0
access_faculty_designation_faculty,faculty.designation.faculty,model_faculty_designation,group_faculty,1,0,0,0
access_faculty_designation_student,faculty.designation.student,model_faculty_designation,group_student_portal,1,0,0,0

access_faculty_qualification_admin,faculty.qualification.admin,model_faculty_qualification,group_university_admin,1,1,1,1
access_faculty_qualification_controller,faculty.qualification.controller,model_faculty_qualification,group_exam_controller,1,1,0,0
access_faculty_qualification_faculty,faculty.qualification.faculty,model_faculty_qualification,group_faculty,1,0,0,0
access_faculty_qualification_student,faculty.qualification.student,model_faculty_qualification,group_student_portal,1,0,0,0

access_faculty_evaluation_admin,faculty.evaluation.admin,model_faculty_evaluation,group_university_admin,1,1,1,1
access_faculty_evaluation_controller,faculty.evaluation.controller,model_faculty_evaluation,group_exam_controller,1,1,1,0
access_faculty_evaluation_faculty,faculty.evaluation.faculty,model_faculty_evaluation,group_faculty,1,1,1,0
access_faculty_evaluation_student,faculty.evaluation.student,model_faculty_evaluation,group_student_portal,1,0,0,0

access_faculty_leave_admin,faculty.leave.admin,model_faculty_leave,group_university_admin,1,1,1,1
access_faculty_leave_controller,faculty.leave.controller,model_faculty_leave,group_exam_controller,1,1,0,0
access_faculty_leave_faculty,faculty.leave.faculty,model_faculty_leave,group_faculty,1,1,1,0
access_faculty_leave_student,faculty.leave.student,model_faculty_leave,group_student_portal,1,0,0,0

access_faculty_salary_admin,faculty.salary.admin,model_faculty_salary,group_university_admin,1,1,1,1
access_faculty_salary_controller,faculty.salary.controller,model_faculty_salary,group_exam_controller,1,1,0,0
access_faculty_salary_faculty,faculty.salary.faculty,model_faculty_salary,group_faculty,1,0,0,0
access_faculty_salary_student,faculty.salary.student,model_faculty_salary,group_student_portal,0,0,0,0

access_faculty_workload_admin,faculty.workload.admin,model_faculty_workload,group_university_admin,1,1,1,1
access_faculty_workload_controller,faculty.workload.controller,model_faculty_workload,group_exam_controller,1,1,0,0
access_faculty_workload_faculty,faculty.workload.faculty,model_faculty_workload,group_faculty,1,1,0,0
access_faculty_workload_student,faculty.workload.student,model_faculty_workload,group_student_portal,1,0,0,0

access_library_book_admin,library.book.admin,model_library_book,group_university_admin,1,1,1,1
access_library_book_librarian,library.book.librarian,model_library_book,group_librarian,1,1,1,0
access_library_book_all,library.book.all,model_library_book,base.group_user,1,0,0,0

access_library_category_admin,library.category.admin,model_library_category,group_university_admin,1,1,1,1
access_library_category_librarian,library.category.librarian,model_library_category,group_librarian,1,1,1,0
access_library_category_all,library.category.all,model_library_category,base.group_user,1,0,0,0

access_library_fine_admin,library.fine.admin,model_library_fine,group_university_admin,1,1,1,1
access_library_fine_librarian,library.fine.librarian,model_library_fine,group_librarian,1,1,1,0
access_library_fine_all,library.fine.all,model_library_fine,base.group_user,1,0,0,0
access_library_fine_student,library.fine.student,model_library_fine,group_student_portal,1,0,0,0

access_library_issue_admin,library.issue.admin,model_library_issue,group_university_admin,1,1,1,1
access_library_issue_librarian,library.issue.librarian,model_library_issue,group_librarian,1,1,1,0
access_library_issue_member,library.issue.member,model_library_issue,group_student_portal,1,0,0,0

access_library_member_admin,library.member.admin,model_library_member,group_university_admin,1,1,1,1
access_library_member_librarian,library.member.librarian,model_library_member,group_librarian,1,1,1,0
access_library_member_all,library.member.all,model_library_member,base.group_user,1,0,0,0

access_library_reservation_admin,library.reservation.admin,model_library_reservation,group_university_admin,1,1,1,1
access_library_reservation_librarian,library.reservation.librarian,model_library_reservation,group_librarian,1,1,1,0
access_library_reservation_member,library.reservation.member,model_library_reservation,group_student_portal,1,1,1,0

access_library_author_admin,library.author.admin,model_library_author,group_university_admin,1,1,1,1
access_library_author_librarian,library.author.librarian,model_library_author,group_librarian,1,1,1,0
access_library_author_student,library.author.student,model_library_author,group_student_portal,1,0,0,0

access_library_rack_admin,library.rack.admin,model_library_rack,group_university_admin,1,1,1,1
access_library_rack_librarian,library.rack.librarian,model_library_rack,group_librarian,1,1,1,0
access_library_rack_student,library.rack.student,model_library_rack,group_student_portal,1,0,0,0

access_hostel_hostel_admin,hostel.hostel.admin,model_hostel_hostel,group_university_admin,1,1,1,1
access_hostel_hostel_warden,hostel.hostel.warden,model_hostel_hostel,group_hostel_warden,1,1,0,0
access_hostel_hostel_student,hostel.hostel.student,model_hostel_hostel,group_student_portal,1,0,0,0

access_hostel_allocation_admin,hostel.allocation.admin,model_hostel_allocation,group_university_admin,1,1,1,1
access_hostel_allocation_warden,hostel.allocation.warden,model_hostel_allocation,group_hostel_warden,1,1,1,0
access_hostel_allocation_student,hostel.allocation.student,model_hostel_allocation,group_student_portal,1,0,0,0

access_hostel_attendance_admin,hostel.attendance.admin,model_hostel_attendance,group_university_admin,1,1,1,1
access_hostel_attendance_warden,hostel.attendance.warden,model_hostel_attendance,group_hostel_warden,1,1,1,0
access_hostel_attendance_student,hostel.attendance.student,model_hostel_attendance,group_student_portal,1,0,0,0

access_hostel_complaint_admin,hostel.complaint.admin,model_hostel_complaint,group_university_admin,1,1,1,1
access_hostel_complaint_warden,hostel.complaint.warden,model_hostel_complaint,group_hostel_warden,1,1,1,0
access_hostel_complaint_student,hostel.complaint.student,model_hostel_complaint,group_student_portal,1,1,1,0

access_hostel_mess_admin,hostel.mess.admin,model_hostel_mess,group_university_admin,1,1,1,1
access_hostel_mess_warden,hostel.mess.warden,model_hostel_mess,group_hostel_warden,1,1,1,0
access_hostel_mess_student,hostel.mess.student,model_hostel_mess,group_student_portal,1,0,0,0

access_hostel_room_admin,hostel.room.admin,model_hostel_room,group_university_admin,1,1,1,1
access_hostel_room_warden,hostel.room.warden,model_hostel_room,group_hostel_warden,1,1,1,0
access_hostel_room_student,hostel.room.student,model_hostel_room,group_student_portal,1,0,0,0

access_hostel_visitor_admin,hostel.visitor.admin,model_hostel_visitor,group_university_admin,1,1,1,1
access_hostel_visitor_warden,hostel.visitor.warden,model_hostel_visitor,group_hostel_warden,1,1,1,1
access_hostel_visitor_student,hostel.visitor.student,model_hostel_visitor,group_student_portal,1,1,1,0

access_mess_attendance_admin,mess.attendance.admin,model_mess_attendance,group_university_admin,1,1,1,1
access_mess_attendance_warden,mess.attendance.warden,model_mess_attendance,group_hostel_warden,1,1,1,0
access_mess_attendance_student,mess.attendance.student,model_mess_attendance,group_student_portal,1,0,0,0

access_mess_feedback_admin,mess.feedback.admin,model_mess_feedback,group_university_admin,1,1,1,1
access_mess_feedback_warden,mess.feedback.warden,model_mess_feedback,group_hostel_warden,1,1,0,0
access_mess_feedback_student,mess.feedback.student,model_mess_feedback,group_student_portal,1,1,1,0

access_mess_item_admin,mess.item.admin,model_mess_item,group_university_admin,1,1,1,1
access_mess_item_warden,mess.item.warden,model_mess_item,group_hostel_warden,1,1,1,0
access_mess_item_student,mess.item.student,model_mess_item,group_student_portal,1,0,0,0

access_mess_menu_admin,mess.menu.admin,model_mess_menu,group_university_admin,1,1,1,1
access_mess_menu_warden,mess.menu.warden,model_mess_menu,group_hostel_warden,1,1,1,0
access_mess_menu_student,mess.menu.student,model_mess_menu,group_student_portal,1,0,0,0

access_internship_internship_admin,internship.internship.admin,model_internship_internship,group_university_admin,1,1,1,1
access_internship_internship_faculty,internship.internship.faculty,model_internship_internship,group_faculty,1,1,1,0
access_internship_internship_student,internship.internship.student,model_internship_internship,group_student_portal,1,1,1,0

access_internship_company_admin,internship.company.admin,model_internship_company,group_university_admin,1,1,1,1
access_internship_company_faculty,internship.company.faculty,model_internship_company,group_faculty,1,1,1,0
access_internship_company_student,internship.company.student,model_internship_company,group_student_portal,1,0,0,0

access_internship_evaluation_admin,internship.evaluation.admin,model_internship_evaluation,group_university_admin,1,1,1,1
access_internship_evaluation_faculty,internship.evaluation.faculty,model_internship_evaluation,group_faculty,1,1,1,0
access_internship_evaluation_student,internship.evaluation.student,model_internship_evaluation,group_student_portal,1,0,0,0

access_internship_report_admin,internship.report.admin,model_internship_report,group_university_admin,1,1,1,1
access_internship_report_faculty,internship.report.faculty,model_internship_report,group_faculty,1,1,1,0
access_internship_report_student,internship.report.student,model_internship_report,group_student_portal,1,1,1,0

access_placement_drive_admin,placement.drive.admin,model_placement_drive,group_university_admin,1,1,1,1
access_placement_drive_officer,placement.drive.officer,model_placement_drive,group_placement_officer,1,1,1,0
access_placement_drive_student,placement.drive.student,model_placement_drive,group_student_portal,1,0,0,0

access_placement_application_admin,placement.application.admin,model_placement_application,group_university_admin,1,1,1,1
access_placement_application_officer,placement.application.officer,model_placement_application,group_placement_officer,1,1,1,0
access_placement_application_student,placement.application.student,model_placement_application,group_student_portal,1,1,1,0

access_placement_company_admin,placement.company.admin,model_placement_company,group_university_admin,1,1,1,1
access_placement_company_officer,placement.company.officer,model_placement_company,group_placement_officer,1,1,1,0
access_placement_company_student,placement.company.student,model_placement_company,group_student_portal,1,0,0,0

access_placement_coordinator_admin,placement.coordinator.admin,model_placement_coordinator,group_university_admin,1,1,1,1
access_placement_coordinator_officer,placement.coordinator.officer,model_placement_coordinator,group_placement_officer,1,1,1,0
access_placement_coordinator_faculty,placement.coordinator.faculty,model_placement_coordinator,group_faculty,1,1,1,0

access_placement_offer_admin,placement.offer.admin,model_placement_offer,group_university_admin,1,1,1,1
access_placement_offer_officer,placement.offer.officer,model_placement_offer,group_placement_officer,1,1,1,0
access_placement_offer_student,placement.offer.student,model_placement_offer,group_student_portal,1,0,0,0

access_placement_training_admin,placement.training.admin,model_placement_training,group_university_admin,1,1,1,1
access_placement_training_officer,placement.training.officer,model_placement_training,group_placement_officer,1,1,1,0
access_placement_training_student,placement.training.student,model_placement_training,group_student_portal,1,1,1,0

access_project_evaluation_admin,project.evaluation.admin,model_project_evaluation,group_university_admin,1,1,1,1
access_project_evaluation_faculty,project.evaluation.faculty,model_project_evaluation,group_faculty,1,1,1,0
access_project_evaluation_student,project.evaluation.student,model_project_evaluation,group_student_portal,1,0,0,0

access_project_guide_admin,project.guide.admin,model_project_guide,group_university_admin,1,1,1,1
access_project_guide_faculty,project.guide.faculty,model_project_guide,group_faculty,1,1,1,0

access_project_presentation_admin,project.presentation.admin,model_project_presentation,group_university_admin,1,1,1,1
access_project_presentation_faculty,project.presentation.faculty,model_project_presentation,group_faculty,1,1,1,0
access_project_presentation_student,project.presentation.student,model_project_presentation,group_student_portal,1,1,1,0

access_student_project_admin,student.project.admin,model_student_project,group_university_admin,1,1,1,1
access_student_project_faculty,student.project.faculty,model_student_project,group_faculty,1,1,1,0
access_student_project_student,student.project.student,model_student_project,group_student_portal,1,1,1,0

access_student_student_admin,student.student.admin,model_student_student,group_university_admin,1,1,1,1
access_student_student_admission,student.student.admission,model_student_student,group_admission_officer,1,1,1,0
access_student_student_faculty,student.student.faculty,model_student_student,group_faculty,1,1,0,0
access_student_student_student,student.student.student,model_student_student,group_student_portal,1,0,0,0
access_student_student_parent,student.student.parent,model_student_student,group_parent_portal,1,0,0,0

access_student_admission_admin,student.admission.admin,model_student_admission,group_university_admin,1,1,1,1
access_student_admission_officer,student.admission.officer,model_student_admission,group_admission_officer,1,1,1,0
access_student_admission_faculty,student.admission.faculty,model_student_admission,group_faculty,1,0,0,0
access_student_admission_student,student.admission.student,model_student_admission,group_student_portal,1,1,1,0

access_student_attendance_admin,student.attendance.admin,model_student_attendance,group_university_admin,1,1,1,1
access_student_attendance_faculty,student.attendance.faculty,model_student_attendance,group_faculty,1,1,1,0
access_student_attendance_student,student.attendance.student,model_student_attendance,group_student_portal,1,0,0,0

access_student_discipline_admin,student.discipline.admin,model_student_discipline,group_university_admin,1,1,1,1
access_student_discipline_faculty,student.discipline.faculty,model_student_discipline,group_faculty,1,1,1,0
access_student_discipline_student,student.discipline.student,model_student_discipline,group_student_portal,1,0,0,0

access_student_document_admin,student.document.admin,model_student_document,group_university_admin,1,1,1,1
access_student_document_admission,student.document.admission,model_student_document,group_admission_officer,1,1,1,0
access_student_document_student,student.document.student,model_student_document,group_student_portal,1,1,1,0

access_student_id_card_admin,student.id.card.admin,model_student_id_card,group_university_admin,1,1,1,1
access_student_id_card_officer,student.id.card.officer,model_student_id_card,group_admission_officer,1,1,1,0
access_student_id_card_student,student.id.card.student,model_student_id_card,group_student_portal,1,0,0,0

access_student_parent_admin,student.parent.admin,model_student_parent,group_university_admin,1,1,1,1
access_student_parent_admission,student.parent.admission,model_student_parent,group_admission_officer,1,1,1,0
access_student_parent_faculty,student.parent.faculty,model_student_parent,group_faculty,1,1,0,0
access_student_parent_portal,student.parent.portal,model_student_parent,group_parent_portal,1,0,0,0

access_student_registration_admin,student.registration.admin,model_student_registration,group_university_admin,1,1,1,1
access_student_registration_officer,student.registration.officer,model_student_registration,group_admission_officer,1,1,1,0
access_student_registration_student,student.registration.student,model_student_registration,group_student_portal,1,1,1,0

access_student_leave_admin,student.leave.admin,model_student_leave,group_university_admin,1,1,1,1
access_student_leave_coordinator,student.leave.coordinator,model_student_leave,group_academic_coordinator,1,1,1,0
access_student_leave_faculty,student.leave.faculty,model_student_leave,group_faculty,1,1,1,0
access_student_leave_student,student.leave.student,model_student_leave,group_student_portal,1,1,1,0
access_student_leave_parent,student.leave.parent,model_student_leave,group_parent_portal,1,0,0,0

access_id_card_request_admin,id.card.request.admin,model_id_card_request,group_university_admin,1,1,1,1
access_id_card_request_coordinator,id.card.request.coordinator,model_id_card_request,group_academic_coordinator,1,1,1,0
access_id_card_request_faculty,id.card.request.faculty,model_id_card_request,group_faculty,1,1,1,0
access_id_card_request_student,id.card.request.student,model_id_card_request,group_student_portal,1,1,1,0
access_id_card_request_parent,id.card.request.parent,model_id_card_request,group_parent_portal,1,0,0,0

access_class_timetable_admin,class.timetable.admin,model_class_timetable,group_university_admin,1,1,1,1
access_class_timetable_faculty,class.timetable.faculty,model_class_timetable,group_faculty,1,1,1,0
access_class_timetable_student,class.timetable.student,model_class_timetable,group_student_portal,1,0,0,0

access_faculty_timetable_admin,faculty.timetable.admin,model_faculty_timetable,group_university_admin,1,1,1,1
access_faculty_timetable_faculty,faculty.timetable.faculty,model_faculty_timetable,group_faculty,1,1,1,0
access_faculty_timetable_student,faculty.timetable.student,model_faculty_timetable,group_student_portal,1,0,0,0

access_lab_schedule_admin,lab.schedule.admin,model_lab_schedule,group_university_admin,1,1,1,1
access_lab_schedule_faculty,lab.schedule.faculty,model_lab_schedule,group_faculty,1,1,1,0
access_lab_schedule_student,lab.schedule.student,model_lab_schedule,group_student_portal,1,0,0,0

access_timetable_substitution_admin,timetable.substitution.admin,model_timetable_substitution,group_university_admin,1,1,1,1
access_timetable_substitution_faculty,timetable.substitution.faculty,model_timetable_substitution,group_faculty,1,1,1,0
access_timetable_substitution_student,timetable.substitution.student,model_timetable_substitution,group_student_portal,1,0,0,0

access_transport_allocation_admin,transport.allocation.admin,model_transport_allocation,group_university_admin,1,1,1,1
access_transport_allocation_manager,transport.allocation.manager,model_transport_allocation,group_transport_manager,1,1,1,0
access_transport_allocation_student,transport.allocation.student,model_transport_allocation,group_student_portal,1,0,0,0

access_transport_driver_admin,transport.driver.admin,model_transport_driver,group_university_admin,1,1,1,1
access_transport_driver_manager,transport.driver.manager,model_transport_driver,group_transport_manager,1,1,1,0
access_transport_driver_student,transport.driver.student,model_transport_driver,group_student_portal,1,0,0,0

access_transport_fee_admin,transport.fee.admin,model_transport_fee,group_university_admin,1,1,1,1
access_transport_fee_manager,transport.fee.manager,model_transport_fee,group_transport_manager,1,1,1,0
access_transport_fee_student,transport.fee.student,model_transport_fee,group_student_portal,1,0,0,0

access_transport_route_admin,transport.route.admin,model_transport_route,group_university_admin,1,1,1,1
access_transport_route_manager,transport.route.manager,model_transport_route,group_transport_manager,1,1,1,0
access_transport_route_student,transport.route.student,model_transport_route,group_student_portal,1,0,0,0

access_transport_stop_admin,transport.stop.admin,model_transport_stop,group_university_admin,1,1,1,1
access_transport_stop_manager,transport.stop.manager,model_transport_stop,group_transport_manager,1,1,1,0
access_transport_stop_student,transport.stop.student,model_transport_stop,group_student_portal,1,0,0,0

access_transport_vehicle_admin,transport.vehicle.admin,model_transport_vehicle,group_university_admin,1,1,1,1
access_transport_vehicle_manager,transport.vehicle.manager,model_transport_vehicle,group_transport_manager,1,1,1,0
access_transport_vehicle_driver,transport.vehicle.driver,model_transport_vehicle,group_transport_driver,1,0,0,0
access_transport_vehicle_student,transport.vehicle.student,model_transport_vehicle,group_student_portal,1,0,0,0

access_generate_hall_ticket_wizard,Generate Hall Ticket Wizard,university_management.model_generate_examination_hall_ticket_wizard,,1,1,1,1
access_generate_hall_ticket_wizard_line,Generate Hall Ticket Wizard Line,university_management.model_generate_examination_hall_ticket_wizard_line,,1,1,1,1

access_attendance_report_wizard,Attendance Report Wizard,model_attendance_report_wizard,group_university_admin,1,1,1,1
access_attendance_report_wizard_coordinator,Attendance Report Wizard Coordinator,model_attendance_report_wizard,group_academic_coordinator,1,1,1,0
access_attendance_report_wizard_faculty,Attendance Report Wizard Faculty,model_attendance_report_wizard,group_faculty,1,1,1,0

access_promote_student_wizard,Promote Student Wizard,model_promote_student_wizard,group_university_admin,1,1,1,1
access_promote_student_wizard_coordinator,Promote Student Wizard Coordinator,model_promote_student_wizard,group_academic_coordinator,1,1,1,0
access_promote_student_wizard_faculty,Promote Student Wizard Faculty,model_promote_student_wizard,group_faculty,1,1,1,0

access_placement_report_wizard,Placement Report Wizard,model_placement_report_wizard,group_university_admin,1,1,1,1
access_placement_report_wizard_coordinator,Placement Report Wizard Coordinator,model_placement_report_wizard,group_academic_coordinator,1,1,1,0
access_placement_report_wizard_faculty,Placement Report Wizard Faculty,model_placement_report_wizard,group_faculty,1,1,1,0

access_university_dashboard,access_university_dashboard,university_management.model_university_dashboard,group_university_admin,1,1,1,1
access_bulk_admission_wizard,access_bulk_admission_wizard,university_management.model_bulk_admission_wizard,group_university_admin,1,1,1,1
access_bulk_id_card_wizard,access_bulk_id_card_wizard,university_management.model_bulk_id_card_wizard,group_university_admin,1,1,1,1
access_bulk_registration_wizard,access_bulk_registration_wizard,university_management.model_bulk_registration_wizard,group_university_admin,1,1,1,1
access_bulk_registration_wizard_line,access_bulk_registration_wizard_line,university_management.model_bulk_registration_wizard_line,group_university_admin,1,1,1,1
access_fee_reminder_wizard,access_fee_reminder_wizard,university_management.model_fee_reminder_wizard,group_university_admin,1,1,1,1
access_promote_student_wizard,access_promote_student_wizard,university_management.model_promote_student_wizard,group_university_admin,1,1,1,1
access_promote_student_wizard_line,access_promote_student_wizard_line,university_management.model_promote_student_wizard_line,group_university_admin,1,1,1,1
access_publish_result_wizard,access_publish_result_wizard,university_management.model_publish_result_wizard,group_university_admin,1,1,1,1

access_iic_speaker_admin,iic.speaker.admin,model_iic_speaker,group_university_admin,1,1,1,1
access_iic_speaker_faculty,iic.speaker.faculty,model_iic_speaker,group_faculty,1,1,1,0
access_iic_speaker_coordinator,iic.speaker.coordinator,model_iic_speaker,group_academic_coordinator,1,1,1,0

access_iic_event_admin,iic.event.admin,model_iic_event,group_university_admin,1,1,1,1
access_iic_event_faculty,iic.event.faculty,model_iic_event,group_faculty,1,1,1,0
access_iic_event_coordinator,iic.event.coordinator,model_iic_event,group_academic_coordinator,1,1,1,0
access_iic_event_student,iic.event.student,model_iic_event,group_student_portal,1,0,0,0

access_iic_attendance_admin,iic.attendance.admin,model_iic_attendance,group_university_admin,1,1,1,1
access_iic_attendance_faculty,iic.attendance.faculty,model_iic_attendance,group_faculty,1,1,1,0
access_iic_attendance_student,iic.attendance.student,model_iic_attendance,group_student_portal,1,0,0,0

access_iic_media_admin,iic.media.admin,model_iic_media,group_university_admin,1,1,1,1
access_iic_media_faculty,iic.media.faculty,model_iic_media,group_faculty,1,1,1,0

access_iic_media_image_admin,iic.media.image.admin,model_iic_media_image,group_university_admin,1,1,1,1
access_iic_media_image_faculty,iic.media.image.faculty,model_iic_media_image,group_faculty,1,1,1,0

access_iic_event_report_admin,iic.event.report.admin,model_iic_event_report,group_university_admin,1,1,1,1
access_iic_event_report_faculty,iic.event.report.faculty,model_iic_event_report,group_faculty,1,1,1,0

access_iic_poster_admin,iic.poster.admin,model_iic_poster,group_university_admin,1,1,1,1
access_iic_poster_faculty,iic.poster.faculty,model_iic_poster,group_faculty,1,1,1,0

access_iic_approval_log_admin,iic.approval.log.admin,model_iic_approval_log,group_university_admin,1,1,1,1
access_iic_approval_log_faculty,iic.approval.log.faculty,model_iic_approval_log,group_faculty,1,0,0,0

access_iic_dashboard_admin,iic.dashboard.admin,model_iic_dashboard,group_university_admin,1,1,1,1
access_iic_dashboard_faculty,iic.dashboard.faculty,model_iic_dashboard,group_faculty,1,0,0,0

access_iic_report_wizard_admin,iic.report.wizard.admin,model_iic_report_wizard,group_university_admin,1,1,1,1
access_iic_report_wizard_faculty,iic.report.wizard.faculty,model_iic_report_wizard,group_faculty,1,1,1,0

access_bulk_attendance_wizard_admin,bulk.attendance.wizard.admin,model_bulk_attendance_wizard,group_university_admin,1,1,1,1
access_bulk_attendance_wizard_faculty,bulk.attendance.wizard.faculty,model_bulk_attendance_wizard,group_faculty,1,1,1,0
access_bulk_attendance_wizard_line_admin,bulk.attendance.wizard.line.admin,model_bulk_attendance_wizard_line,group_university_admin,1,1,1,1
access_bulk_attendance_wizard_line_faculty,bulk.attendance.wizard.line.faculty,model_bulk_attendance_wizard_line,group_faculty,1,1,1,0

access_naac_criterion_admin,naac.criterion.admin,model_naac_criterion,group_university_admin,1,1,1,1
access_naac_criterion_faculty,naac.criterion.faculty,model_naac_criterion,group_faculty,1,0,0,0
access_naac_criterion_coordinator,naac.criterion.coordinator,model_naac_criterion,group_academic_coordinator,1,1,1,0

access_naac_metric_admin,naac.metric.admin,model_naac_metric,group_university_admin,1,1,1,1
access_naac_metric_faculty,naac.metric.faculty,model_naac_metric,group_faculty,1,0,0,0
access_naac_metric_coordinator,naac.metric.coordinator,model_naac_metric,group_academic_coordinator,1,1,1,0

access_naac_dept_activity_admin,naac.department.activity.admin,model_naac_department_activity,group_university_admin,1,1,1,1
access_naac_dept_activity_faculty,naac.department.activity.faculty,model_naac_department_activity,group_faculty,1,1,1,0
access_naac_dept_activity_coordinator,naac.department.activity.coordinator,model_naac_department_activity,group_academic_coordinator,1,1,1,0

access_naac_evidence_admin,naac.evidence.admin,model_naac_evidence,group_university_admin,1,1,1,1
access_naac_evidence_faculty,naac.evidence.faculty,model_naac_evidence,group_faculty,1,1,1,0
access_naac_evidence_coordinator,naac.evidence.coordinator,model_naac_evidence,group_academic_coordinator,1,1,1,0

access_naac_faculty_research_admin,naac.faculty.research.admin,model_naac_faculty_research,group_university_admin,1,1,1,1
access_naac_faculty_research_faculty,naac.faculty.research.faculty,model_naac_faculty_research,group_faculty,1,1,1,0

access_naac_student_progression_admin,naac.student.progression.admin,model_naac_student_progression,group_university_admin,1,1,1,1
access_naac_student_progression_coordinator,naac.student.progression.coordinator,model_naac_student_progression,group_academic_coordinator,1,1,1,0

access_naac_aqar_admin,naac.aqar.admin,model_naac_aqar,group_university_admin,1,1,1,1
access_naac_aqar_coordinator,naac.aqar.coordinator,model_naac_aqar,group_academic_coordinator,1,1,0,0

access_naac_ssr_admin,naac.ssr.admin,model_naac_ssr,group_university_admin,1,1,1,1
access_naac_ssr_coordinator,naac.ssr.coordinator,model_naac_ssr,group_academic_coordinator,1,1,0,0

access_naac_dashboard_admin,naac.dashboard.admin,model_naac_dashboard,group_university_admin,1,1,1,1
access_naac_dashboard_faculty,naac.dashboard.faculty,model_naac_dashboard,group_faculty,1,0,0,0

access_naac_aqar_wizard_admin,naac.aqar.wizard.admin,model_naac_aqar_wizard,group_university_admin,1,1,1,1
access_naac_evidence_bulk_wizard_admin,naac.evidence.bulk.wizard.admin,model_naac_evidence_bulk_wizard,group_university_admin,1,1,1,1
access_naac_evidence_bulk_wizard_faculty,naac.evidence.bulk.wizard.faculty,model_naac_evidence_bulk_wizard,group_faculty,1,1,1,0
access_naac_evidence_bulk_wizard_line_admin,naac.evidence.bulk.wizard.line.admin,model_naac_evidence_bulk_wizard_line,group_university_admin,1,1,1,1
access_naac_evidence_bulk_wizard_line_faculty,naac.evidence.bulk.wizard.line.faculty,model_naac_evidence_bulk_wizard_line,group_faculty,1,1,1,0